Workbook

Sheet Executive Dashboard
B2: WEB TESTING & QUALITY ASSURANCE - DASHBOARD EJECUTIVO
B5: TOTAL PRUEBAS | D5: PRUEBAS OK | F5: FALLOS (FAILED) | H5: PASS RATE (%) | J5: TOTAL BUGS
B6: ='Resultados por Modulo'!C10 -> 795 | D6: ='Resultados por Modulo'!D10 -> 736 | F6: ='Resultados por Modulo'!E10 -> 47 | H6: ='Resultados por Modulo'!G10 -> 0.92578616 | J6: =COUNTA('Defect Log (Bugs)'!A2:A8) -> 7

Sheet Resultados por Modulo
A1: Módulo / Área Web | B1: Categoría Pruebas | C1: Ejecutadas | D1: OK (Passed) | E1: Fallos (Failed) | F1: Bloqueadas | G1: Pass Rate (%) | H1: Perf Prom (ms)
A2: Navegación & Header | B2: Links & Router | C2: 150 | D2: 145 | E2: 3 | F2: 2 | G2: =D2/C2 -> 0.96666667 | H2: 280
A3: Formulario de Registro | B3: Form / Inputs | C3: 95 | D3: 88 | E3: 5 | F3: 2 | G3: =D3/C3 -> 0.92631579 | H3: 410
A4: Checkout & Pasarela | B4: Form / Payments | C4: 120 | D4: 105 | E4: 12 | F4: 3 | G4: =D4/C4 -> 0.875 | H4: 850
A5: Botones CTA & Modales | B5: UI / Interacción | C5: 80 | D5: 78 | E5: 2 | F5: 0 | G5: =D5/C5 -> 0.975 | H5: 190
A6: Búsqueda y Filtros | B6: Performance & API | C6: 110 | D6: 98 | E6: 10 | F6: 2 | G6: =D6/C6 -> 0.89090909 | H6: 630
A7: Footer & Enlaces Ext | B7: Links Externos | C7: 45 | D7: 45 | E7: 0 | F7: 0 | G7: =D7/C7 -> 1 | H7: 220
A8: Autenticación & Login | B8: Seguridad / Form | C8: 90 | D8: 85 | E8: 4 | F8: 1 | G8: =D8/C8 -> 0.94444444 | H8: 380
A9: Carrito de Compras | B9: E-Commerce / State | C9: 105 | D9: 92 | E9: 11 | F9: 2 | G9: =D9/C9 -> 0.87619048 | H9: 540
A10: Total / Promedio | C10: =SUM(C2:C9) -> 795 | D10: =SUM(D2:D9) -> 736 | E10: =SUM(E2:E9) -> 47 | F10: =SUM(F2:F9) -> 12 | G10: =D10/C10 -> 0.92578616 | H10: =AVERAGE(H2:H9) -> 437.5

Sheet Defect Log (Bugs)
A1: Bug ID | B1: Módulo Afectado | C1: Severidad | D1: Descripción Breve | E1: Estado | F1: Responsable | H1: Severidad | I1: Cantidad
A2: BUG-001 | B2: Checkout & Pasarela | C2: Crítica | D2: Error 500 al procesar pago con Visa | E2: Abierto | F2: Dev Team Lead | H2: Crítica | I2: =COUNTIF(C2:C8, "Crítica") -> 2
A3: BUG-002 | B3: Checkout & Pasarela | C3: Alta | D3: El botón 'Pagar' permite doble clic | E3: En Progreso | F3: Frontend QA | H3: Alta | I3: =COUNTIF(C2:C8, "Alta") -> 2
A4: BUG-003 | B4: Búsqueda y Filtros | C4: Alta | D4: Filtro de precio no responde en mobile | E4: Abierto | F4: Frontend Lead | H4: Media | I4: =COUNTIF(C2:C8, "Media") -> 2
A5: BUG-004 | B5: Carrito de Compras | C5: Crítica | D5: Persistencia de estado se pierde en F5 | E5: Abierto | F5: Backend QA | H5: Baja | I5: =COUNTIF(C2:C8, "Baja") -> 1
A6: BUG-005 | B6: Formulario de Registro | C6: Media | D6: Validación de email acepta formatos inválidos | E6: Resuelto | F6: QA Automation
A7: BUG-006 | B7: Autenticación & Login | C7: Media | D7: Mensaje de error no accesible para Lector de Pantalla | E7: Abierto | F7: UI/UX Dev
A8: BUG-007 | B8: Navegación & Header | C8: Baja | D8: Desalineación de 2px en el menú desplegable | E8: Cerrado | F8: Frontend Dev
